"age","credit.score","distance.to.store","online.visits","online.trans","online.spend","store.trans","store.spend"
1,0.254504457407025,0.00198741004699788,-0.0613810700800948,-0.0630199353366768,-0.0606857290001638,0.024229708102041,0.00384195312751641
0.254504457407025,1,-0.0232641830209326,-0.010818272172203,-0.00501840049699178,-0.00607988107447189,0.0404241580005155,0.0422981226357003
0.00198741004699788,-0.0232641830209326,1,-0.0146003607041509,-0.0195516609866975,-0.0204053264769599,-0.276732286098868,-0.241494870222401
-0.0613810700800948,-0.010818272172203,-0.0146003607041509,1,0.987328047780992,0.982406842240278,-0.0366693229569254,-0.0506855366676551
-0.0630199353366768,-0.00501840049699178,-0.0195516609866975,0.987328047780992,1,0.993346657109294,-0.0402458776686179,-0.0522446498336678
-0.0606857290001638,-0.00607988107447189,-0.0204053264769599,0.982406842240278,0.993346657109294,1,-0.0408913315208188,-0.0516900531491851
0.024229708102041,0.0404241580005155,-0.276732286098868,-0.0366693229569254,-0.0402458776686179,-0.0408913315208188,1,0.892756851375681
0.00384195312751641,0.0422981226357003,-0.241494870222401,-0.0506855366676551,-0.0522446498336678,-0.0516900531491851,0.892756851375681,1
